,Name,Sequence,Length (bp),Tm (Â°C),Nanomoles
3,MuTsix_83mer_1,CAAGTCATGTCCCCGAAACCTGACATACCTTGATGTACACGGTGTGAGAAAGAATGATGAGGTTTGCAAGAATTGGGACTAAGTAAAACA,90,85.6,25nm
4,MuTsix_83mer_2,CAAGTCACAGAGACTAAATTTAACTCTTTAATTTGATGATTCTCTCTAGCATCCCCACAAAAATGATACACTGGCTTGCATAATCTGTGA,90,82.4,25nm
5,MuTsix_83mer_3,CAAGTCACCAGTACCTCGCAAGTTCTAAATTCTCTTTGTACAGCTCATTTAGAAGTTCTCGTTTATACAAAGCCATATCCATCGTGGAGC,90,84.3,25nm
7,MuTsix_83mer_4,CAAGTCATGGTGTGCTTGTTACTCTGATCCTGATCGCTCTGTCAACTAAAGTTAGACAAAGTAACCTTTACTTCTCAATTCAGATAGGAA,90,83.5,25nm
10,MuTsix_83mer_5,CAAGTCACTCAATAGTAAGATTAGTGAATTGCTGGCACTTTGATCGTCCATAAGCAAACCAATTTTGTGTCCTTTATTATTCATGGGACG,90,83.4,25nm
11,MuTsix_83mer_6,CAAGTCACCTAAAGGGAACTTAGAACAGACTGTGAATTATTTGTCAGCGTGAATCAACGAGACAACAATATCCTTTGATTTTCTAATACC,90,82.5,25nm
12,MuTsix_83mer_7,CAAGTCACAGGGTGTCTGATCTCTTTCATGTGGATATTCATAGTTTGACAGTTAACAAAATTTGACAGTTCTTTTAAGTTAGCAGTGTCT,90,82.4,25nm
13,MuTsix_83mer_8,CAAGTCACTGGGGCGAGTAAGATACCAATGAGCTATTATTCCCTCAGGCTTTGCTTTGGCATTTAGGAATTATTTTTCATTACTGCTAGC,90,84.8,25nm
14,MuTsix_83mer_9,CAAGTCAGAGTAACGTACTTCAGTGCGTTTTTGTCCCAAGGTATGGAGTCACCAGGTTCCCAGAGAAAGACTAAGATGCCAATGACCCAA,90,87.4,25nm
15,MuTsix_83mer_10,CAAGTCAAACTATGAGCGTAAGCCCACCAAATCGGTCACAACTAATACTCTGATAATTTAGGAACCAAGGAGCCATTTTGTGAGGCATTT,90,85.3,25nm
16,MuTsix_83mer_11,CAAGTCACTACCCTTTCCTCTCCTCATCTGAGGTCGCCAACTAATGCAGAAGAACTTCTAGTGTCCAAGACGCGGAGCGATACATGGTTT,90,88.1,25nm
18,MuTsix_83mer_12,CAAGTCAACATAAACGTTTTTAGCTGTAAAATAGGATAATCCTTCATTATCGCGCAAAATAATGAAATTCACGCGTCATGTCACTGAGCT,90,83.0,25nm
20,MuTsix_83mer_13,CAAGTCATTTGTGGCCACTCCTCTTCTGGTCTCTCCGCCTTCAGCGCCGCGGATCAGTTAAAGGCGTGCAACGGCTTGCTCCAGCCATGT,90,93.3,25nm
21,MuTsix_83mer_14,CAAGTCATTGCTCGTTTCCCGTGGATGTGCGGTTCTTCCGTGGTTTCTCTCCATCTAAGGAGCTTTGGGGGAACATTTTTAGTTCCCCTA,90,88.8,25nm
22,MuTsix_83mer_15,CAAGTCACCACCAAGCCTTATGGCTTATTTAAGAAAACATATCAAAATTCCACGAGATTTTTGACGTTTTGATATGTTCTGGTAAGATTT,90,82.0,25nm
24,MuTsix_83mer_16,CAAGTCATGCCTTTTGGTTGATACTTGTGTGTGTATGGTGGACTTACCTTTCTTTCATTGTTTATATATTCTTGCCCATCGGGGCCACGG,90,86.1,25nm
25,MuTsix_83mer_17,CAAGTCAATACCTGTGTGTCCTCCCCGCCATTCCATGCCCAACGGGGTTTTGGATACTTACCTGCCTTTTCATTCTTTTTTTTTCTTATT,90,86.8,25nm
26,MuTsix_83mer_18,CAAGTCAATTTTTTTTTCTAAACTTGCCCATCTGGGCTGTGGATACCTGCTTTTATTCTTTTTTTCTTCTCCTTAGCCCATCGGGGCCAT,90,85.9,25nm
28,MuTsix_83mer_19,CAAGTCACTTTTTTTCCCATGCCCAACGGGGCCTCGGATACCTGCTGTTATTATTTTTTTTTCTTTTTCTTTTGCCCATCGGGGCTGTGG,90,87.9,25nm
29,MuTsix_83mer_20,CAAGTCAATACCTGCTTTAAATTTTTTTTTTCACGGCCCAACGGGGCGCTTGGTGGATGGAAATATGGTTTTGTGAGTTATTGCACTACC,90,86.3,25nm
30,MuTsix_83mer_21,CAAGTCATGGAATATCTATGCCTCTTATTTGCGTGTACTGTTGCTGCTGATCGTTTGGTGCTGTGTGAGTGAACCTATGGCTTAGAAAAA,90,85.8,25nm
31,MuTsix_83mer_22,CAAGTCACGACTTTGCTCTTAAACTGAGTGGGTGTTCAGGGCGTGGAGAGCCCGCGTCCGCCATTATGGCTTCTGCGTGATACGGCTATT,90,91.4,25nm
32,MuTsix_83mer_23,CAAGTCACTCGAGCCAGTTACGCCAAGAATTAGGACACCGAGGAGCACAGCGGACTGGATAAAAGCAACCAATTGCGCTGCGCTAGCTAA,90,90.4,25nm
33,MuTsix_83mer_24,CAAGTCAAGGCTTTCTTTATATGTGCGGGGTTGCGGGATTCGCCTTGATTTGTGGTAGCATTTGCGGGGTTGTGCTAGCCGGAAGTAGAA,90,89.8,25nm
34,MuTsix_83mer_25,CAAGTCAAGCCAAGGAGTGCTCGTATTAGTGTGCGGTGTTGCGCGGAAGCCGCAGAGGACTAGGGGATAGGGCTCAGCGTGGGTGTGGGG,90,93.9,25nm
35,MuTsix_83mer_26,CAAGTCAATTGGGCAGGGTGTGTGTGCATATGGACCCCTGGCGCGGTCCCCCGTGGCTTTAAGGGCTGCTCAGAAGTCTATAAAATGGCG,90,92.4,25nm
36,MuTsix_83mer_27,CAAGTCAGCTCGGGGGCTCCACCCGAGGCTCGACAGCCCAATCTTTGTTCTGGTGTGTAGCAATGGATTATAGGACATTTAGGTCGTACA,90,90.0,25nm
37,MuTsix_83mer_28,CAAGTCAGGAAAAGATGGCGGCTCAAGTTCTTGGTGCGGTATAACGCAAAGGGCTTTGTGTGTCACATGTCAGCTTCATGTCTGAGTTAG,90,88.1,25nm
38,MuTsix_83mer_29,CAAGTCACCTGGAGAGGTGGCACATGCTCTTGAATGTGTCTAAGATGGCGGAAGTCATGTGACCTGCCCTCTAGTGGTTTCTTTCAGTGA,90,89.0,25nm
39,MuTsix_83mer_30,CAAGTCATTTTTTTTTTGGCGGGCTTTAGCTACTTGGCGGGCTTTGCCCGAGGGTACACTTGGTGCATTATGGTAGGGTGTGGTTGGTCC,90,90.2,25nm
40,MuTsix_83mer_31,CAAGTCATACCTTGTGCCACTCGAAGCTGAGGCAAGGCTAAGTGGAAGTGTTGGTTGCCACTTGACGTAACTCGTCAGAAATGGGCACAA,90,89.5,25nm
41,MuTsix_83mer_32,CAAGTCAGTGTGAAAGTGTTGGTGTTTGCTTGACTTCCAGTTAGAAATGTGCATTATTGCTTGGTGGCCAGGATGGAATTAGACTGTGAT,90,86.2,25nm
42,MuTsix_83mer_33,CAAGTCAGAGTCACTGTCCCATAAGGACGTGAGTTTCGCTTGGTACTTCACGTGTGTCTTTAGTCATCATTTTTTCGAAGTGCCTGCCCA,90,87.6,25nm
43,MuTsix_83mer_34,CAAGTCAGGTCGGGAGAGCGCATGCTTGCAATTCTAACACTGAAGTGTTGGATGATGTCGGATCCGATTCGAGAGACCGAGGCTGCGGGT,90,91.1,25nm
44,MuTsix_83mer_35,CAAGTCATCTTGGTCGATGTAAATCATTGAAACCTCACCTTCATCTCCGCATAGCTGGCAAGCATTTTAGGAATCTTTCTGCTGCTTGGC,90,86.7,25nm
45,MuTsix_83mer_36,CAAGTCAAATCACTTTAACCATCTCTTCCGCTGTCCCGCAAGCACGTAGCCATCGCTCCACTGTCCGCTCCGCTCTGGCCACCTGTCTAG,90,91.8,25nm
46,MuTsix_83mer_37,CAAGTCACTGGCTATCACGCTCTTCTTCCATCACGCGCTTGCCGCAGCCGCCTCCCGGGAGTGGATGCAGGACTCAAGATGCGTGGATAT,90,93.4,25nm
47,MuTsix_83mer_38,CAAGTCACTCGGAAAGTGAGAACAGAGCAAGGGCGCCGAGCGCAAGTGTGTAGCGCTTGCAGGTACTTTTGGGACCGAGTGGAGCACGAC,90,92.5,25nm
48,MuTsix_83mer_39,CAAGTCAGTAGCGCCTCACCGGATCTTGCGAGATTGCGCCTGACACAAGCGCTGCACTGAGGGTTTGAGGGAGTGTGGGGCGGGACCTAA,90,93.9,25nm
49,MuTsix_83mer_40,CAAGTCAGGCTCTTGAGGCGCGGGATCCTGCTGAGAGGGTGTGGTTAGCACACTTGACCACCTTTTTAGGACAGAGTGAAAATCCGGAAG,90,90.3,25nm
51,MuTsix_83mer_41,CAAGTCATACTCAAACTGAAAACTTGCAAGCTAGCACACGTGCTGGCGGAGTGTGGACGCACGGGTACACGTGCGCACGCATGAACACAC,90,91.4,25nm
