,Probes
0,>MuTsix_83mer_1
1,CAAGTCATGGAGGTGTTTTTTAGAAAAATATTTATTTAATGTGAGTACACTGTCGGTCACTGTTCAGATACATCAGAAGAGGTTAGATAT
2,>MuTsix_83mer_2
3,CAAGTCACGGATCCCACTACAGATGACTGTGAGCCACTACGAAGTTGTTGAGAATTGAACTCAGGCCCTCTGGAAGAGCAGTCAGCACTC
4,>MuTsix_83mer_3
5,CAAGTCACTAACCACTGAGCTATCTCTCCAGCCCAGGAACTGAGTTTTAGCACATATCCCTTCATGCTTTCTTGTGATAAGACTAAAAAG
6,>MuTsix_83mer_4
7,CAAGTCATGTCCCCGAAACCTGACATACCTTGATGTACACGGTGTGAGAAAGAATGATGAGGTTTGCAAGAATTGGGACTAAGTAAAACA
8,>MuTsix_83mer_5
9,CAAGTCACAGAGACTAAATTTAACTCTTTAATTTGATGATTCTCTCTAGCATCCCCACAAAAATGATACACTGGCTTGCATAATCTGTGA
10,>MuTsix_83mer_6
11,CAAGTCACCAGTACCTCGCAAGTTCTAAATTCTCTTTGTACAGCTCATTTAGAAGTTCTCGTTTATACAAAGCCATATCCATCGTGGAGC
12,>MuTsix_83mer_7
13,CAAGTCACAGGTGCTCTTAGCTGTGAAGAGCCCTTCCTTGGGTCTTTTTTCCCTAATATGTCCTATGTGACTTCTCACTGGTGATGCTTT
14,>MuTsix_83mer_8
15,CAAGTCATGGTGTGCTTGTTACTCTGATCCTGATCGCTCTGTCAACTAAAGTTAGACAAAGTAACCTTTACTTCTCAATTCAGATAGGAA
16,>MuTsix_83mer_9
17,CAAGTCATCCTTTTGCACTCCAAGTTTGGCTTCAGATGCCTTGGAAAGATTCATGCTGCCACCTGCTGGTTTATTCAGTCTGTGTGCATC
18,>MuTsix_83mer_10
19,CAAGTCAATTTATTTACTTGTTAATTTGTTTTTCTTTTGTTGAAACAGTTTATTTTGTAGCAGATATTTTTCCATCCCTACCTGAACCAC
20,>MuTsix_83mer_11
21,CAAGTCACTCAATAGTAAGATTAGTGAATTGCTGGCACTTTGATCGTCCATAAGCAAACCAATTTTGTGTCCTTTATTATTCATGGGACG
22,>MuTsix_83mer_12
23,CAAGTCACCTAAAGGGAACTTAGAACAGACTGTGAATTATTTGTCAGCGTGAATCAACGAGACAACAATATCCTTTGATTTTCTAATACC
24,>MuTsix_83mer_13
25,CAAGTCACAGGGTGTCTGATCTCTTTCATGTGGATATTCATAGTTTGACAGTTAACAAAATTTGACAGTTCTTTTAAGTTAGCAGTGTCT
26,>MuTsix_83mer_14
27,CAAGTCACTGGGGCGAGTAAGATACCAATGAGCTATTATTCCCTCAGGCTTTGCTTTGGCATTTAGGAATTATTTTTCATTACTGCTAGC
28,>MuTsix_83mer_15
29,CAAGTCAGAGTAACGTACTTCAGTGCGTTTTTGTCCCAAGGTATGGAGTCACCAGGTTCCCAGAGAAAGACTAAGATGCCAATGACCCAA
30,>MuTsix_83mer_16
31,CAAGTCAAACTATGAGCGTAAGCCCACCAAATCGGTCACAACTAATACTCTGATAATTTAGGAACCAAGGAGCCATTTTGTGAGGCATTT
32,>MuTsix_83mer_17
33,CAAGTCACTACCCTTTCCTCTCCTCATCTGAGGTCGCCAACTAATGCAGAAGAACTTCTAGTGTCCAAGACGCGGAGCGATACATGGTTT
34,>MuTsix_83mer_18
35,CAAGTCAGTCCAAGTAGAAGATATATTGAAATTTTGCATAGACAGGTGTGTGACCTAATGTACATTATTTAATGTTTATGTGGAAGTTCT
36,>MuTsix_83mer_19
37,CAAGTCAACATAAACGTTTTTAGCTGTAAAATAGGATAATCCTTCATTATCGCGCAAAATAATGAAATTCACGCGTCATGTCACTGAGCT
38,>MuTsix_83mer_20
39,CAAGTCATACGTACCTCCATCTTTATTCATTTTAATTTTTTTATAATATAGTTAGACCTAAAGGTCCAATAAGATGTCAGAATTGCAATC
40,>MuTsix_83mer_21
41,CAAGTCATTTGTGGCCACTCCTCTTCTGGTCTCTCCGCCTTCAGCGCCGCGGATCAGTTAAAGGCGTGCAACGGCTTGCTCCAGCCATGT
42,>MuTsix_83mer_22
43,CAAGTCATTGCTCGTTTCCCGTGGATGTGCGGTTCTTCCGTGGTTTCTCTCCATCTAAGGAGCTTTGGGGGAACATTTTTAGTTCCCCTA
44,>MuTsix_83mer_23
45,CAAGTCACCACCAAGCCTTATGGCTTATTTAAGAAAACATATCAAAATTCCACGAGATTTTTGACGTTTTGATATGTTCTGGTAAGATTT
46,>MuTsix_83mer_24
47,CAAGTCATTTTTTTGACATGTCCTCCATACTTTTTGATATTTGTAATATTTTCAGTCAATTTTTCATTTTTAAGGAATATTTCTTTGTTG
48,>MuTsix_83mer_25
49,CAAGTCATGCCTTTTGGTTGATACTTGTGTGTGTATGGTGGACTTACCTTTCTTTCATTGTTTATATATTCTTGCCCATCGGGGCCACGG
50,>MuTsix_83mer_26
51,CAAGTCAATACCTGTGTGTCCTCCCCGCCATTCCATGCCCAACGGGGTTTTGGATACTTACCTGCCTTTTCATTCTTTTTTTTTCTTATT
52,>MuTsix_83mer_27
53,CAAGTCAATTTTTTTTTCTAAACTTGCCCATCTGGGCTGTGGATACCTGCTTTTATTCTTTTTTTCTTCTCCTTAGCCCATCGGGGCCAT
54,>MuTsix_83mer_28
55,CAAGTCAGGATACCTGCTTTTTGTAAAAAAAAAAAAAAAAACAAAAAAACCTTTCTCGGTCCATCGGGACCTCGGATACCTGCGTTTAGT
56,>MuTsix_83mer_29
57,CAAGTCACTTTTTTTCCCATGCCCAACGGGGCCTCGGATACCTGCTGTTATTATTTTTTTTTCTTTTTCTTTTGCCCATCGGGGCTGTGG
58,>MuTsix_83mer_30
59,CAAGTCAATACCTGCTTTAAATTTTTTTTTTCACGGCCCAACGGGGCGCTTGGTGGATGGAAATATGGTTTTGTGAGTTATTGCACTACC
60,>MuTsix_83mer_31
61,CAAGTCATGGAATATCTATGCCTCTTATTTGCGTGTACTGTTGCTGCTGATCGTTTGGTGCTGTGTGAGTGAACCTATGGCTTAGAAAAA
62,>MuTsix_83mer_32
63,CAAGTCACGACTTTGCTCTTAAACTGAGTGGGTGTTCAGGGCGTGGAGAGCCCGCGTCCGCCATTATGGCTTCTGCGTGATACGGCTATT
64,>MuTsix_83mer_33
65,CAAGTCACTCGAGCCAGTTACGCCAAGAATTAGGACACCGAGGAGCACAGCGGACTGGATAAAAGCAACCAATTGCGCTGCGCTAGCTAA
66,>MuTsix_83mer_34
67,CAAGTCAAGGCTTTCTTTATATGTGCGGGGTTGCGGGATTCGCCTTGATTTGTGGTAGCATTTGCGGGGTTGTGCTAGCCGGAAGTAGAA
68,>MuTsix_83mer_35
69,CAAGTCAAGCCAAGGAGTGCTCGTATTAGTGTGCGGTGTTGCGCGGAAGCCGCAGAGGACTAGGGGATAGGGCTCAGCGTGGGTGTGGGG
70,>MuTsix_83mer_36
71,CAAGTCAATTGGGCAGGGTGTGTGTGCATATGGACCCCTGGCGCGGTCCCCCGTGGCTTTAAGGGCTGCTCAGAAGTCTATAAAATGGCG
72,>MuTsix_83mer_37
73,CAAGTCAGCTCGGGGGCTCCACCCGAGGCTCGACAGCCCAATCTTTGTTCTGGTGTGTAGCAATGGATTATAGGACATTTAGGTCGTACA
74,>MuTsix_83mer_38
75,CAAGTCAGGAAAAGATGGCGGCTCAAGTTCTTGGTGCGGTATAACGCAAAGGGCTTTGTGTGTCACATGTCAGCTTCATGTCTGAGTTAG
76,>MuTsix_83mer_39
77,CAAGTCACCTGGAGAGGTGGCACATGCTCTTGAATGTGTCTAAGATGGCGGAAGTCATGTGACCTGCCCTCTAGTGGTTTCTTTCAGTGA
78,>MuTsix_83mer_40
79,CAAGTCATTTTTTTTTTGGCGGGCTTTAGCTACTTGGCGGGCTTTGCCCGAGGGTACACTTGGTGCATTATGGTAGGGTGTGGTTGGTCC
80,>MuTsix_83mer_41
81,CAAGTCATACCTTGTGCCACTCGAAGCTGAGGCAAGGCTAAGTGGAAGTGTTGGTTGCCACTTGACGTAACTCGTCAGAAATGGGCACAA
82,>MuTsix_83mer_42
83,CAAGTCAGTGTGAAAGTGTTGGTGTTTGCTTGACTTCCAGTTAGAAATGTGCATTATTGCTTGGTGGCCAGGATGGAATTAGACTGTGAT
84,>MuTsix_83mer_43
85,CAAGTCAGAGTCACTGTCCCATAAGGACGTGAGTTTCGCTTGGTACTTCACGTGTGTCTTTAGTCATCATTTTTTCGAAGTGCCTGCCCA
86,>MuTsix_83mer_44
87,CAAGTCAGGTCGGGAGAGCGCATGCTTGCAATTCTAACACTGAAGTGTTGGATGATGTCGGATCCGATTCGAGAGACCGAGGCTGCGGGT
88,>MuTsix_83mer_45
89,CAAGTCATCTTGGTCGATGTAAATCATTGAAACCTCACCTTCATCTCCGCATAGCTGGCAAGCATTTTAGGAATCTTTCTGCTGCTTGGC
90,>MuTsix_83mer_46
91,CAAGTCAAATCACTTTAACCATCTCTTCCGCTGTCCCGCAAGCACGTAGCCATCGCTCCACTGTCCGCTCCGCTCTGGCCACCTGTCTAG
92,>MuTsix_83mer_47
93,CAAGTCACTGGCTATCACGCTCTTCTTCCATCACGCGCTTGCCGCAGCCGCCTCCCGGGAGTGGATGCAGGACTCAAGATGCGTGGATAT
94,>MuTsix_83mer_48
95,CAAGTCACTCGGAAAGTGAGAACAGAGCAAGGGCGCCGAGCGCAAGTGTGTAGCGCTTGCAGGTACTTTTGGGACCGAGTGGAGCACGAC
96,>MuTsix_83mer_49
97,CAAGTCAGTAGCGCCTCACCGGATCTTGCGAGATTGCGCCTGACACAAGCGCTGCACTGAGGGTTTGAGGGAGTGTGGGGCGGGACCTAA
98,>MuTsix_83mer_50
99,CAAGTCAGGCTCTTGAGGCGCGGGATCCTGCTGAGAGGGTGTGGTTAGCACACTTGACCACCTTTTTAGGACAGAGTGAAAATCCGGAAG
100,>MuTsix_83mer_51
101,CAAGTCATTGTCTTCTGATTGTTACATGCTGCCACGGTCCTCCCTGTCACTGCTGCCATTGGGCTATGGCCTGGTGTCTGTACTCAAACT
102,>MuTsix_83mer_52
103,CAAGTCATACTCAAACTGAAAACTTGCAAGCTAGCACACGTGCTGGCGGAGTGTGGACGCACGGGTACACGTGCGCACGCATGAACACAC
